<?xml version="1.0" encoding="UTF-8"?>
<?atoc version='0.0.1'?>
<cset q="plugin" >
<summary  count="1"  totalSize="55814" >
<digs da="MD5"  count="1" />
</summary>
<cset id="com.ibm.security*" >
<summary  count="1"  totalSize="55814" >
<digs da="MD5"  count="1" />
</summary>
<cset v="6.*" >
<summary  count="1"  totalSize="55814" >
<digs da="MD5"  count="1" />
</summary>
<cset p="*" >
<summary  count="1"  totalSize="55814" >
<digs da="MD5"  count="1" />
</summary>
<af id="com.ibm.security.directoryserver.installer.moreInfoEnt"  v="6.4.0.v20150225_0823"  p=""  ex="false"  sz="55814" >
<dig da="MD5"  dv="4395968a04ab05ff5d355dcedf68ccfd" />

</af>
</cset>
</cset>
</cset>
</cset>