<?xml version="1.0" encoding="UTF-8"?>
<?atoc version='0.0.1'?>
<cset q="zip" >
<summary  count="3"  totalSize="9965" >
<digs da="MD5"  count="1" />
<digs da="MD5"  count="1" />
</summary>
<cset id="sds.ent.rpm*" >
<summary  count="1"  totalSize="4038" >
<digs da="MD5"  count="1" />
</summary>
<cset v="6.*" >
<summary  count="1"  totalSize="4038" >
<digs da="MD5"  count="1" />
</summary>
<cset p="*" >
<summary  count="1"  totalSize="4038" >
<digs da="MD5"  count="1" />
</summary>
<af id="sds.ent.rpm.linux_x64"  v="6.4.0.v20150225_0823"  p=""  ex="false"  sz="4038" >
<dig da="MD5"  dv="58008dcafe5e6108585162a24c396d04" />

</af>
</cset>
</cset>
</cset>
<cset id="sds.ent.rte*" >
<summary  count="1"  totalSize="2585" >
<digs da="MD5"  count="1" />
</summary>
<cset v="6.*" >
<summary  count="1"  totalSize="2585" >
<digs da="MD5"  count="1" />
</summary>
<cset p="*" >
<summary  count="1"  totalSize="2585" >
<digs da="MD5"  count="1" />
</summary>
<af id="sds.ent.rte.aix_ppc64"  v="6.4.0.v20150225_0823"  p=""  ex="false"  sz="2585" >
<dig da="MD5"  dv="c02619fdf4c23e3ba83bbd75231dc230" />

</af>
</cset>
</cset>
</cset>
<cset id="sds.ent.win*" >
<summary  count="1"  totalSize="3342" >
<digs da="MD5"  count="1" />
</summary>
<cset v="6.*" >
<summary  count="1"  totalSize="3342" >
<digs da="MD5"  count="1" />
</summary>
<cset p="*" >
<summary  count="1"  totalSize="3342" >
<digs da="MD5"  count="1" />
</summary>
<af id="sds.ent.win"  v="6.4.0.v20150225_0823"  p=""  ex="false"  sz="3342" >
<dig da="MD5"  dv="9c790cc3318e9f2b87a6c29b44df2ab4" />

</af>
</cset>
</cset>
</cset>
</cset>