<?xml version='1.0' encoding='UTF-8'?>
<?repositoryDigest version='0.0.1'?>
<repositoryDigest>
  <repository>
    <property name='LayoutPolicy' value='P1'/>
    <property name='LayoutPolicyVersion' value='0.0.0.1'/>
    <offering id='com.ibm.security.directoryserver.entitlement.v64' version='6.4.0.20150225_0827'>
      <information name='%offering.display.name' version='6.4.0.0'>
        %offering.description
      </information>
      <property name='offering.type' value=''/>
      <property name='default.profile' value=''/>
      <property name='default.user.profile' value=''/>
      <property name='vendor.name' value='%vendor.name.value'/>
      <property name='offering.service.repositories' value=''/>
      <property name='OfferingReference.LicensesKinds' value=''/>
      <property name='OfferingReference.enablement.lum.id' value=''/>
      <property name='OfferingReference.enablement.lum.version' value=''/>
      <property name='supportedPlatforms' value='(|(&amp;(os=aix)(arch=ppc64))(&amp;(os=linux)(arch=x86_64))(&amp;(os=win32)(|(arch=x86)(arch=x86_64))))'/>
      <property name='import.profile.validation' value='true'/>
      <dictionary lang='zh_CN'>
        <property name='offering.display.name' value='IBM Security Directory Server 高级功能激活包'/>
        <property name='offering.description' value='IBM Security Directory Server 高级功能激活包'/>
        <property name='vendor.name.value' value='IBM'/>
      </dictionary>
      <dictionary lang='pl'>
        <property name='offering.display.name' value='IBM Security Directory Server Premium Feature Activation Package'/>
        <property name='offering.description' value='IBM Security Directory Server Premium Feature Activation Package'/>
        <property name='vendor.name.value' value='IBM'/>
      </dictionary>
      <dictionary lang='cs'>
        <property name='offering.display.name' value='IBM Security Directory Server Premium Feature Activation Package'/>
        <property name='offering.description' value='IBM Security Directory Server Premium Feature Activation Package'/>
        <property name='vendor.name.value' value='IBM'/>
      </dictionary>
      <dictionary lang='ja'>
        <property name='offering.display.name' value='IBM Security Directory Server のプレミアム機能のアクティベーション・パッケージ'/>
        <property name='offering.description' value='IBM Security Directory Server のプレミアム機能のアクティベーション・パッケージ'/>
        <property name='vendor.name.value' value='IBM'/>
      </dictionary>
      <dictionary lang='zh_TW'>
        <property name='offering.display.name' value='IBM Security Directory Server 高階特性啟動套件'/>
        <property name='offering.description' value='IBM Security Directory Server 高階特性啟動套件'/>
        <property name='vendor.name.value' value='IBM'/>
      </dictionary>
      <dictionary lang='de'>
        <property name='offering.display.name' value='Aktivierungspaket für die Premium-Funktion für IBM Security Directory Server'/>
        <property name='offering.description' value='Aktivierungspaket für die Premium-Funktion für IBM Security Directory Server'/>
        <property name='vendor.name.value' value='IBM'/>
      </dictionary>
      <dictionary lang='es'>
        <property name='offering.display.name' value='Paquete de activación de características premium de IBM Security Directory Server'/>
        <property name='offering.description' value='Paquete de activación de características premium de IBM Security Directory Server'/>
        <property name='vendor.name.value' value='IBM'/>
      </dictionary>
      <dictionary lang='hu'>
        <property name='offering.display.name' value='IBM Security Directory Server prémiumszolgáltatás aktiválócsomag'/>
        <property name='offering.description' value='IBM Security Directory Server prémiumszolgáltatás aktiválócsomag'/>
        <property name='vendor.name.value' value='IBM'/>
      </dictionary>
      <dictionary lang='it'>
        <property name='offering.display.name' value='IBM Security Directory Server - Pacchetto di attivazione funzione premium'/>
        <property name='offering.description' value='IBM Security Directory Server - Pacchetto di attivazione funzione premium'/>
        <property name='vendor.name.value' value='IBM'/>
      </dictionary>
      <dictionary lang='default'>
        <property name='offering.display.name' value='IBM Security Directory Server Premium Feature Activation Package'/>
        <property name='offering.description' value='IBM Security Directory Server Premium Feature Activation Package'/>
        <property name='vendor.name.value' value='IBM'/>
      </dictionary>
      <dictionary lang='ko'>
        <property name='offering.display.name' value='IBM Security Directory Server 프리미엄 기능 활성화 패키지'/>
        <property name='offering.description' value='IBM Security Directory Server 프리미엄 기능 활성화 패키지'/>
        <property name='vendor.name.value' value='IBM'/>
      </dictionary>
      <dictionary lang='pt_BR'>
        <property name='offering.display.name' value='Pacote de ativação do recurso IBM Security Directory Server Premium'/>
        <property name='offering.description' value='Pacote de ativação do recurso IBM Security Directory Server Premium'/>
        <property name='vendor.name.value' value='IBM'/>
      </dictionary>
      <dictionary lang='ru'>
        <property name='offering.display.name' value='Пакет активации премиальных функций IBM Security Directory Server'/>
        <property name='offering.description' value='Пакет активации премиальных функций IBM Security Directory Server'/>
        <property name='vendor.name.value' value='IBM'/>
      </dictionary>
      <dictionary lang='sk'>
        <property name='offering.display.name' value='Aktivačný balík prémiových funkcií IBM Security Directory Server'/>
        <property name='offering.description' value='Aktivačný balík prémiových funkcií IBM Security Directory Server'/>
        <property name='vendor.name.value' value='IBM'/>
      </dictionary>
      <dictionary lang='fr'>
        <property name='offering.display.name' value='Package d&apos;activation de fonction d&apos;IBM Security Directory Server version Premium'/>
        <property name='offering.description' value='Package d&apos;activation de fonction d&apos;IBM Security Directory Server version Premium'/>
        <property name='vendor.name.value' value='IBM'/>
      </dictionary>
      <file name='Offerings/com.ibm.security.directoryserver.entitlement.v64_6.4.0.20150225_0827.jar' size='7933' MD5='fb4c9466a8ec6e19844426f58897cabc'/>
      <file name='Offerings/com.ibm.security.directoryserver.entitlement.v64_6.4.0.20150225_0827_SE.jar' size='1875' MD5='8ae113f2fc4830a33e78407a7b84b2bc'/>
    </offering>
  </repository>
</repositoryDigest>
