<?xml version='1.0' encoding='UTF-8'?>
<?atoc version='0.0.2'?>
<atoc>
<summary  count='4'  totalSize='65779' >
<digs da='MD5'  count='1' />
<digs da='MD5'  count='1' />
</summary>
<cset n='eclipse' >
<summary  count='1'  totalSize='55814' >
<digs da='MD5'  count='1' />
</summary>
<cset q='plugin'  href='nq/eclipse_plugin.xml'  size='684' md5='3dad44bef914920760b8cb6baa4ad839'>
<summary  count='1'  totalSize='55814' >
<digs da='MD5'  count='1' />
</summary>
</cset>
</cset>
<cset n='native' >
<summary  count='3'  totalSize='9965' >
<digs da='MD5'  count='1' />
<digs da='MD5'  count='1' />
</summary>
<cset q='zip'  href='nq/native_zip.xml'  size='1599' md5='1f0a66189502683d698b962561e9d2a1'>
<summary  count='3'  totalSize='9965' >
<digs da='MD5'  count='1' />
<digs da='MD5'  count='1' />
</summary>
</cset>
</cset></atoc>